{"_timestamp":1.77149510103577e+09,"_wandb":{"runtime":1975},"_runtime":1975,"_step":49,"epoch":50,"train_loss":1.2937603361368024,"temperature_scale":20.04535675048828}