{"_wandb":{"runtime":1585},"_runtime":1585,"temperature_scale":31.18762969970703,"_timestamp":1.7715820070284135e+09,"_step":49,"epoch":50,"train_loss":0.7079848891164741}