{"epoch":50,"train_loss":1.421971321105957,"temperature_scale":14.240676879882812,"_wandb":{"runtime":3},"_runtime":3,"_timestamp":1.7714882666923146e+09,"_step":49}