{"_wandb":{"runtime":56},"_runtime":56,"_step":908,"global_step":908,"epoch":2,"_timestamp":1.7715803434866583e+09,"step_loss":1.9889297485351562,"temperature_scale":14.245506286621094,"train_loss":2.5192236716340974}